"","crossID","Order_1","Year","plotNo","Region","plotNo_Numeric","date","GrowDays","Pain2Plant","femaPar","femaParLoc","malePar","maleParLoc","Crosses","PlantingDens","development","line","position","block","PhotoScore","wetWgtPlot","lengthPlot","wetWgtPerM","percDryWgt","dryWgtPerM","densityBlades","popChk"
"1","SL18-UCONN-1",1,"2019","1","GOM","1","5_30_2019",124,NA,"SA18-CB-10-FG1","CB","SL18-SF-19-MG2","SF","SA18-CB-10-F1 / SL18-SF-19-M2","3",4,"2","TBD","7",3,7.25,0.88,8.238636364,5.73,0.42,500,"ES"
"10","SL18-UCONN-10",10,"2019","10","GOM","10","5_31_2019",125,NA,"SL18-LD-10-FG1","LD","SL18-OI-4-MG1","OI","SL18-LD-10-F1 / SL18-OI-4-M1","2",1,"3","TBD","9",3,2.58,0.95,2.715789474,8.99,0.23,200,"ES"
"99","SL18-UCONN-100",99,"2019","100","GOM","100","5_31_2019",125,NA,"SL18-NL-6-FG1","NL","SL18-OI-11-MG2","OI","SL18-NL-6-F1 / SL18-OI-11-M2","3",4,"4","TBD","8",2,1.05,0.94,1.117021277,10.16,0.11,0,"ES"
"100","SL18-UCONN-101",100,"2019","101","GOM","101","5_30_2019",124,NA,"SL18-NL-6-FG1","NL","SL18-OI-14-MG2","OI","SL18-NL-6-F1 / SL18-OI-14-M2","3",4,"1","TBD","2",3,5.18,0.9,5.755555556,9.18,0.48,340,"ES"
"101","SL18-UCONN-102",101,"2019","102","GOM","102","5_30_2019",124,NA,"SL18-NL-6-FG1","NL","SL18-OI-15-MG1","OI","SL18-NL-6-F1 / SL18-OI-15-M1","3",4,"1","TBD","9",3,5.24,0.94,5.574468085,9,0.47,660,"ES"
"102","SL18-UCONN-103",102,"2019","103","GOM","103","5_30_2019",124,NA,"SL18-NL-6-FG1","NL","SL18-OI-16-MG1","OI","SL18-NL-6-F1 / SL18-OI-16-M1","3",4,"1","TBD","5",3,3.61,0.86,4.197674419,9.49,0.34,560,"ES"
"103","SL18-UCONN-104",103,"2019","104","GOM","104","5_30_2019",124,NA,"SL18-NL-6-FG1","NL","SL18-SF-17-MG1","SF","SL18-NL-6-F1 / SL18-SF-17-M1","3",4,"1","TBD","5",3,4.4,0.78,5.641025641,9.43,0.41,240,"ES"
"104","SL18-UCONN-105",104,"2019","105","GOM","105","5_30_2019",124,NA,"SL18-NL-6-FG1","NL","SL18-SF-19-MG2","SF","SL18-NL-6-F1 / SL18-SF-19-M2","3",4,"1","TBD","1",3,4.75,0.95,5,5.59,0.27,620,"ES"
"105","SL18-UCONN-106",105,"2019","106","GOM","106","5_31_2019",125,NA,"SL18-NL-6-FG3","NL","SA18-CB-4-MG3","CB","SL18-NL-6-F3 / SA18-CB-4-M3","1",4,"4","TBD","1",1,0.63,0.85,0.741176471,12.12,0.08,0,"ES"
"11","SL18-UCONN-11",11,"2019","11","GOM","11","5_30_2019",124,NA,"SL18-LD-10-FG2","LD","SA18-CB-7-MG2","CB","SL18-LD-10-F2 / SA18-CB-7-M2","1",4,"2","TBD","6",3,4.7,0.98,4.795918367,8.16,0.38,380,"ES"
"110","SL18-UCONN-111",110,"2019","111","GOM","111","5_31_2019",125,NA,"SL18-NL-6-FG3","NL","SL18-OI-7-MG1","OI","SL18-NL-6-F3 / SL18-OI-7-M1","2",1,"3","TBD","7",1,0.28,1,0.28,14.19,0.04,0,"ES"
"112","SL18-UCONN-113",112,"2019","113","GOM","113","5_30_2019",124,NA,"SL18-NL-6-FG3","NL","SL18-SF-13-MG1","SF","SL18-NL-6-F3 / SL18-SF-13-M1","2",1,"3","TBD","2",1,0.18,0.83,0.21686747,14.89,0.03,40,"ES"
"114","SL18-UCONN-115",114,"2019","115","GOM","115","5_30_2019",124,NA,"SL18-NL-7-FG3","NL","SL18-LD-13-MG3","LD","SL18-NL-7-F3 / SL18-LD-13-M3","2",1,"1","TBD","7",1,0.1,0.89,0.112359551,17.04,0.02,40,"ES"
"115","SL18-UCONN-116",115,"2019","116","GOM","116","5_30_2019",124,NA,"SL18-NL-7-FG3","NL","SL18-LD-1-MG2","LD","SL18-NL-7-F3 / SL18-LD-1-M2","2",1,"3","TBD","4",1,0.07,0.85,0.082352941,3.29,0,0,"ES"
"12","SL18-UCONN-12",12,"2019","12","GOM","12","5_29_2019",123,NA,"SL18-LD-10-FG2","LD","SL18-NL-3-MG2","NL","SL18-LD-10-F2 / SL18-NL-3-M2","2",1,"2","TBD","1",3,0.96,0.79,1.215189873,11.74,0.11,260,"ES"
"119","SL18-UCONN-120",119,"2019","120","GOM","120","5_31_2019",125,NA,"SL18-NL-9-FG2","NL","SA18-CB-7-MG1","CB","SL18-NL-9-F2 / SA18-CB-7-M1","2",4,"4","TBD","6",3,5.4,0.96,5.625,4.07,0.22,380,"ES"
"120","SL18-UCONN-121",120,"2019","121","GOM","121","5_30_2019",124,NA,"SL18-NL-9-FG2","NL","SL18-SF-19-MG1","SF","SL18-NL-9-F2 / SL18-SF-19-M1","2",4,"3","TBD","4",3,3,0.84,3.571428571,9.25,0.28,580,"ES"
"121","SL18-UCONN-122",121,"2019","122","GOM","122","5_30_2019",124,NA,"SL18-NL-9-FG3","NL","SL18-LL-9-MG3","LL","SL18-NL-9-F3 / SL18-LL-9-M3","1",1,"1","TBD","7",1,0.09,0.8,0.1125,10.71,0.01,0,"ES"
"122","SL18-UCONN-123",122,"2019","123","GOM","123","5_30_2019",124,NA,"SL18-NL-9-FG3","NL","SL18-SF-17-MG2","SF","SL18-NL-9-F3 / SL18-SF-17-M2","1",1,"3","TBD","5",1,0.1,0.84,0.119047619,15.01,0.02,0,"ES"
"123","SL18-UCONN-124",123,"2019","124","GOM","124","5_29_2019",123,NA,"SL18-OI-11-FG1","OI","SL18-SF-15-MG2","SF","SL18-OI-11-F1 / SL18-SF-15-M2","2",4,"2","TBD","4",3,4.17,0.96,4.34375,5.43,0.23,320,"ES"
"124","SL18-UCONN-125",124,"2019","125","GOM","125","5_29_2019",123,NA,"SL18-OI-15-FG1","OI","SA18-CB-2-MG3","CB","SL18-OI-15-F1 / SA18-CB-2-M3","1",4,"2","TBD","2",3,3.76,0.67,5.611940299,9.93,0.37,0,"ES"
"125","SL18-UCONN-126",125,"2019","126","GOM","126","5_30_2019",124,NA,"SL18-OI-15-FG1","OI","SL18-LD-10-MG1","LD","SL18-OI-15-F1 / SL18-LD-10-M1","1",1,"3","TBD","3",1,0.14,0.41,0.341463415,15.51,0.02,0,"ES"
"126","SL18-UCONN-127",126,"2019","127","GOM","127","5_30_2019",124,NA,"SL18-OI-15-FG1","OI","SL18-NL-5-MG1","NL","SL18-OI-15-F1 / SL18-NL-5-M1","1",4,"1","TBD","8",3,1,0.74,1.351351351,9.31,0.09,200,"ES"
"127","SL18-UCONN-128",127,"2019","128","GOM","128","5_30_2019",124,NA,"SL18-OI-15-FG1","OI","SL18-SF-15-MG1","SF","SL18-OI-15-F1 / SL18-SF-15-M1","3",4,"1","TBD","8",3,4.42,0.92,4.804347826,9.21,0.41,340,"ES"
"128","SL18-UCONN-129",128,"2019","129","GOM","129","5_30_2019",124,NA,"SL18-OI-16-FG1","OI","SA18-CB-4-MG1","CB","SL18-OI-16-F1 / SA18-CB-4-M1","1",1,"3","TBD","4",1,0.6,0.78,0.769230769,11.32,0.07,60,"ES"
"13","SL18-UCONN-13",13,"2019","13","GOM","13","5_30_2019",124,NA,"SL18-LD-10-FG3","LD","SL18-SF-19-MG1","SF","SL18-LD-10-F3 / SL18-SF-19-M1","1",1,"2","TBD","6",1,0.96,0.91,1.054945055,10.3,0.1,40,"ES"
"130","SL18-UCONN-131",130,"2019","131","GOM","131","5_30_2019",124,NA,"SL18-OI-16-FG1","OI","SL18-LL-9-MG3","LL","SL18-OI-16-F1 / SL18-LL-9-M3","1",1,"1","TBD","1",1,0.09,0.7,0.128571429,14.46,0.01,0,"ES"
"131","SL18-UCONN-132",131,"2019","132","GOM","132","5_30_2019",124,NA,"SL18-OI-16-FG1","OI","SL18-NL-2-MG1","NL","SL18-OI-16-F1 / SL18-NL-2-M1","1",1,"1","TBD","3",1,0.21,0.76,0.276315789,9.11,0.02,0,"ES"
"132","SL18-UCONN-133",132,"2019","133","GOM","133","5_31_2019",125,NA,"SL18-OI-16-FG1","OI","SL18-OI-7-MG1","OI","SL18-OI-16-F1 / SL18-OI-7-M1","1",1,"3","TBD","7",1,0.35,1,0.35,10.51,0.04,0,"ES"
"133","SL18-UCONN-134",133,"2019","134","GOM","134","5_31_2019",125,NA,"SL18-OI-16-FG2","OI","SA18-CB-3-MG3","CB","SL18-OI-16-F2 / SA18-CB-3-M3","1",1,"3","TBD","7",1,0.07,1,NA,NA,NA,0,"ES"
"135","SL18-UCONN-136",135,"2019","136","GOM","136","5_30_2019",124,NA,"SL18-OI-16-FG3","OI","SA18-CB-4-MG3","CB","SL18-OI-16-F3 / SA18-CB-4-M3","2",4,"3","TBD","2",3,4.84,0.81,5.975308642,8.75,0.42,480,"ES"
"136","SL18-UCONN-137",136,"2019","137","GOM","137","5_30_2019",124,NA,"SL18-OI-16-FG3","OI","SA18-CB-5-MG3","CB","SL18-OI-16-F3 / SA18-CB-5-M3","1",4,"1","TBD","9",2,0.55,0.92,0.597826087,12.34,0.07,140,"ES"
"137","SL18-UCONN-138",137,"2019","138","GOM","138","5_29_2019",123,NA,"SL18-OI-16-FG3","OI","SL18-LD-10-MG3","LD","SL18-OI-16-F3 / SL18-LD-10-M3","1",1,"2","TBD","2",1,0.42,0.77,0.545454545,3.18,0.01,0,"ES"
"138","SL18-UCONN-139",138,"2019","139","GOM","139","5_29_2019",123,NA,"SL18-OI-16-FG3","OI","SL18-LD-1-MG2","LD","SL18-OI-16-F3 / SL18-LD-1-M2","1",1,"2","TBD","5",1,0.15,0.91,0.164835165,8.67,0.01,0,"ES"
"14","SL18-UCONN-14",14,"2019","14","GOM","14","5_30_2019",124,NA,"SL18-LD-13-FG2","LD","SL18-LD-13-MG2","LD","SL18-LD-13-F2 / SL18-LD-13-M2","3",4,"1","TBD","5",3,3.27,0.93,3.516129032,9.17,0.3,420,"ES"
"139","SL18-UCONN-140",139,"2019","140","GOM","140","5_30_2019",124,NA,"SL18-OI-16-FG3","OI","SL18-LD-3-MG2","LD","SL18-OI-16-F3 / SL18-LD-3-M2","1",1,"1","TBD","3",3,2.27,0.96,2.364583333,8.17,0.19,200,"ES"
"140","SL18-UCONN-141",140,"2019","141","GOM","141","5_31_2019",125,NA,"SL18-OI-16-FG3","OI","SL18-NL-6-MG1","NL","SL18-OI-16-F3 / SL18-NL-6-M1","1",1,"3","TBD","8",3,2.29,0.93,2.462365591,9.33,0.21,140,"ES"
"141","SL18-UCONN-142",141,"2019","142","GOM","142","5_30_2019",124,NA,"SL18-OI-16-FG3","OI","SL18-SF-17-MG2","SF","SL18-OI-16-F3 / SL18-SF-17-M2","3",4,"1","TBD","2",3,3.8,0.76,5,9.06,0.34,620,"ES"
"142","SL18-UCONN-143",142,"2019","143","GOM","143","5_29_2019",123,NA,"SL18-OI-17-FG1","OI","SL18-SF-13-MG2","SF","SL18-OI-17-F1 / SL18-SF-13-M2","3",4,"2","TBD","3",3,5.39,0.84,6.416666667,8,0.43,440,"ES"
"143","SL18-UCONN-145",143,"2019","145","GOM","145","5_30_2019",124,NA,"SL18-OI-17-FG2","OI","SL18-SF-17-MG2","SF","SL18-OI-17-F2 / SL18-SF-17-M2","1",1,"1","TBD","2",2,0.5,0.77,0.649350649,8.31,0.04,40,"ES"
"144","SL18-UCONN-146",144,"2019","146","GOM","146","5_30_2019",124,NA,"SL18-OI-18-FG1","OI","SL18-OI-9-MG3","OI","SL18-OI-18-F1 / SL18-OI-9-M3","3",4,"1","TBD","1",3,3.93,0.94,4.180851064,8.07,0.32,300,"ES"
"145","SL18-UCONN-147",145,"2019","147","GOM","147","5_30_2019",124,NA,"SL18-OI-18-FG2","OI","SA18-CB-7-MG1","CB","SL18-OI-18-F2 / SA18-CB-7-M1","2",1,"2","TBD","6",3,3.34,0.97,3.443298969,9.98,0.33,160,"ES"
"146","SL18-UCONN-148",146,"2019","148","GOM","148","5_31_2019",125,NA,"SL18-OI-18-FG2","OI","SL18-LD-10-MG1","LD","SL18-OI-18-F2 / SL18-LD-10-M1","2",1,"4","TBD","9",3,3.67,0.92,3.989130435,8.44,0.31,300,"ES"
"147","SL18-UCONN-149",147,"2019","149","GOM","149","5_30_2019",124,NA,"SL18-OI-18-FG2","OI","SL18-LD-9-MG1","LD","SL18-OI-18-F2 / SL18-LD-9-M1","1",1,"3","TBD","1",3,2.53,0.91,2.78021978,10.89,0.28,220,"ES"
"15","SL18-UCONN-15",15,"2019","15","GOM","15","5_29_2019",123,NA,"SL18-LD-1-FG1","LD","SA18-CB-2-MG2","CB","SL18-LD-1-F1 / SA18-CB-2-M2","1",1,"2","TBD","8",1,0.62,0.78,0.794871795,10.45,0.06,0,"ES"
"148","SL18-UCONN-150",148,"2019","150","GOM","150","5_31_2019",125,NA,"SL18-OI-18-FG2","OI","SL18-NL-2-MG2","NL","SL18-OI-18-F2 / SL18-NL-2-M2","2",1,"4","TBD","3",3,2.34,0.88,2.659090909,9.06,0.21,300,"ES"
"149","SL18-UCONN-151",149,"2019","151","GOM","151","5_29_2019",123,NA,"SL18-OI-18-FG2","OI","SL18-LD-2-MG3","SF","SL18-OI-18-F2 / SL18-LD-2-M3","1",1,"2","TBD","8",2,0.83,0.82,1.012195122,9.34,0.08,80,"ES"
"150","SL18-UCONN-152",150,"2019","152","GOM","152","5_30_2019",124,NA,"SL18-OI-18-FG3","OI","SL18-LL-9-MG1","LL","SL18-OI-18-F3 / SL18-LL-9-M1","1",1,"1","TBD","8",2,0.82,1,0.82,10.4,0.09,40,"ES"
"151","SL18-UCONN-153",151,"2019","153","GOM","153","5_31_2019",125,NA,"SL18-OI-18-FG3","OI","SL18-OI-7-MG1","OI","SL18-OI-18-F3 / SL18-OI-7-M1","2",4,"4","TBD","1",3,2.74,0.86,3.186046512,9.67,0.26,180,"ES"
"152","SL18-UCONN-154",152,"2019","154","GOM","154","5_30_2019",124,NA,"SL18-OI-18-FG5","OI","SA18-CB-4-MG3","CB","SL18-OI-18-F5 / SA18-CB-4-M3","1",1,"3","TBD","4",2,1.31,0.77,1.701298701,13.82,0.18,100,"ES"
"153","SL18-UCONN-155",153,"2019","155","GOM","155","5_31_2019",125,NA,"SL18-OI-18-FG5","OI","SL18-LD-2-MG1","LD","SL18-OI-18-F5 / SL18-LD-2-M1","2",1,"3","TBD","6",3,3.02,0.98,3.081632653,9.23,0.28,280,"ES"
"154","SL18-UCONN-156",154,"2019","156","GOM","156","5_31_2019",125,NA,"SL18-OI-18-FG5","OI","SL18-NL-7-MG1","NL","SL18-OI-18-F5 / SL18-NL-7-M1","2",1,"3","TBD","7",1,0.47,0.67,0.701492537,10.73,0.05,0,"ES"
"155","SL18-UCONN-157",155,"2019","157","GOM","157","5_31_2019",125,NA,"SL18-OI-18-FG5","OI","SL18-SF-15-MG2","SF","SL18-OI-18-F5 / SL18-SF-15-M2","2",4,"3","TBD","9",3,4.94,0.92,5.369565217,10.32,0.51,220,"ES"
"156","SL18-UCONN-158",156,"2019","158","GOM","158","5_30_2019",124,NA,"SL18-OI-18-FG6","OI","SA18-CB-1-MG2","CB","SL18-OI-18-F6 / SA18-CB-1-M2","2",1,"1","TBD","6",3,3.65,0.87,4.195402299,7.39,0.27,280,"ES"
"157","SL18-UCONN-159",157,"2019","159","GOM","159","5_31_2019",125,NA,"SL18-OI-18-FG6","OI","SL18-NL-6-MG1","NL","SL18-OI-18-F6 / SL18-NL-6-M1","2",1,"3","TBD","8",3,1.43,0.86,1.662790698,9.73,0.14,240,"ES"
"16","SL18-UCONN-16",16,"2019","16","GOM","16","5_31_2019",125,NA,"SL18-LD-1-FG1","LD","SL18-LD-10-MG3","LD","SL18-LD-1-F1 / SL18-LD-10-M3","2",1,"3","TBD","9",1,0.6,0.85,0.705882353,12.57,0.08,100,"ES"
"158","SL18-UCONN-160",158,"2019","160","GOM","160","5_29_2019",123,NA,"SL18-OI-18-FG6","OI","SL18-SF-17-MG1","SF","SL18-OI-18-F6 / SL18-SF-17-M1","1",1,"2","TBD","2",1,0.75,0.82,0.914634146,9.61,0.07,100,"ES"
"159","SL18-UCONN-161",159,"2019","161","GOM","161","5_31_2019",125,NA,"SL18-OI-2-FG2","OI","SA18-CB-7-MG2","CB","SL18-OI-2-F2 / SA18-CB-7-M2","1",1,"3","TBD","6",1,0.07,0.8,0.0875,9.31,0.01,0,"ES"
"160","SL18-UCONN-162",160,"2019","162","GOM","162","5_30_2019",124,NA,"SL18-OI-2-FG2","OI","SL18-LD-1-MG2","LD","SL18-OI-2-F2 / SL18-LD-1-M2","2",1,"2","TBD","5",2,1.02,0.9,1.133333333,10.03,0.1,20,"ES"
"161","SL18-UCONN-163",161,"2019","163","GOM","163","5_30_2019",124,NA,"SL18-OI-2-FG2","OI","SL18-LD-2-MG1","LD","SL18-OI-2-F2 / SL18-LD-2-M1","2",1,"1","TBD","5",1,0.22,0.695,0.316546763,12.29,0.03,0,"ES"
"162","SL18-UCONN-164",162,"2019","164","GOM","164","5_30_2019",124,NA,"SL18-OI-2-FG2","OI","SL18-LL-9-MG3","LL","SL18-OI-2-F2 / SL18-LL-9-M3","1",1,"1","TBD","5",1,0.12,0.8,0.15,13.69,0.02,20,"ES"
"164","SL18-UCONN-166",164,"2019","166","GOM","166","5_29_2019",123,NA,"SL18-OI-2-FG2","OI","SL18-SF-17-MG2","SF","SL18-OI-2-F2 / SL18-SF-17-M2","2",1,"2","TBD","1",1,0.13,0.89,0.146067416,9.05,0.01,0,"ES"
"165","SL18-UCONN-167",165,"2019","167","GOM","167","5_29_2019",123,NA,"SL18-OI-2-FG3","OI","SA18-CB-4-MG1","CB","SL18-OI-2-F3 / SA18-CB-4-M1","1",1,"2","TBD","9",1,0.57,0.93,0.612903226,13.27,0.08,220,"ES"
"166","SL18-UCONN-168",166,"2019","168","GOM","168","5_29_2019",123,NA,"SL18-OI-2-FG3","OI","SL18-LD-10-MG1","LD","SL18-OI-2-F3 / SL18-LD-10-M1","1",1,"2","TBD","4",1,0.12,0.81,0.148148148,13.47,0.02,0,"ES"
"167","SL18-UCONN-169",167,"2019","169","GOM","169","5_29_2019",123,NA,"SL18-OI-2-FG3","OI","SL18-NL-2-MG2","NL","SL18-OI-2-F3 / SL18-NL-2-M2","2",1,"2","TBD","4",1,0.42,0.82,0.512195122,13.28,0.06,200,"ES"
"17","SL18-UCONN-17",17,"2019","17","GOM","17","5_30_2019",124,NA,"SL18-LD-1-FG1","LD","SL18-NL-2-MG2","NL","SL18-LD-1-F1 / SL18-NL-2-M2","2",1,"3","TBD","1",3,1.95,0.87,2.24137931,8.62,0.17,340,"ES"
"168","SL18-UCONN-170",168,"2019","170","GOM","170","5_29_2019",123,NA,"SL18-OI-2-FG3","OI","SL18-NL-9-MG1","NL","SL18-OI-2-F3 / SL18-NL-9-M1","2",1,"2","TBD","8",2,0.67,0.78,0.858974359,12.18,0.08,160,"ES"
"169","SL18-UCONN-171",169,"2019","171","GOM","171","5_29_2019",123,NA,"SL18-OI-2-FG3","OI","SL18-SF-15-MG1","SF","SL18-OI-2-F3 / SL18-SF-15-M1","1",1,"2","TBD","7",1,0.2,0.75,NA,NA,NA,0,"ES"
"170","SL18-UCONN-172",170,"2019","172","GOM","172","5_31_2019",125,NA,"SL18-OI-2-FG3","OI","SL18-SF-17-MG1","SF","SL18-OI-2-F3 / SL18-SF-17-M1","2",1,"4","TBD","2",3,1.74,0.92,1.891304348,9.64,0.17,0,"ES"
"171","SL18-UCONN-173",171,"2019","173","GOM","173","5_31_2019",125,NA,"SL18-OI-4-FG3","OI","SL18-SF-17-MG1","SF","SL18-OI-4-F3 / SL18-SF-17-M1","1",1,"3","TBD","9",1,0.25,0.79,0.316455696,10.01,0.03,0,"ES"
"172","SL18-UCONN-174",172,"2019","174","GOM","174","5_30_2019",124,NA,"SL18-OI-6-FG1","OI","SA18-CB-2-MG1","CB","SL18-OI-6-F1 / SA18-CB-2-M1","2",1,"1","TBD","4",2,0.57,1,0.57,12.82,0.07,60,"ES"
"173","SL18-UCONN-175",173,"2019","175","GOM","175","5_30_2019",124,NA,"SL18-OI-6-FG1","OI","SA18-CB-4-MG1","CB","SL18-OI-6-F1 / SA18-CB-4-M1","2",4,"1","TBD","4",3,2.75,0.91,3.021978022,6.92,0.19,180,"ES"
"174","SL18-UCONN-176",174,"2019","176","GOM","176","5_29_2019",123,NA,"SL18-OI-6-FG1","OI","SL18-LD-13-MG2","LD","SL18-OI-6-F1 / SL18-LD-13-M2","1",1,"2","TBD","3",2,1.58,0.65,2.430769231,9.9,0.16,180,"ES"
"175","SL18-UCONN-177",175,"2019","177","GOM","177","5_31_2019",125,NA,"SL18-OI-6-FG1","OI","SL18-LD-2-MG1","LD","SL18-OI-6-F1 / SL18-LD-2-M1","2",1,"4","TBD","1",3,2.36,0.88,2.681818182,9.83,0.23,160,"ES"
"176","SL18-UCONN-178",176,"2019","178","GOM","178","5_31_2019",125,NA,"SL18-OI-6-FG1","OI","SL18-LD-5-MG1","LD","SL18-OI-6-F1 / SL18-LD-5-M1","2",1,"3","TBD","9",3,3.76,0.97,3.87628866,4.29,0.16,260,"ES"
"18","SL18-UCONN-18",18,"2019","18","GOM","18","5_30_2019",124,NA,"SL18-LD-1-FG1","LD","SL18-OI-18-MG1","OI","SL18-LD-1-F1 / SL18-OI-18-M1","1",1,"3","TBD","1",3,1.9,0.86,2.209302326,9.74,0.18,340,"ES"
"178","SL18-UCONN-180",178,"2019","180","GOM","180","5_31_2019",125,NA,"SL18-OI-6-FG1","OI","SL18-NL-9-MG1","NL","SL18-OI-6-F1 / SL18-NL-9-M1","1",1,"4","TBD","2",2,1.73,0.76,2.276315789,10.87,0.19,120,"ES"
"179","SL18-UCONN-181",179,"2019","181","GOM","181","5_31_2019",125,NA,"SL18-OI-6-FG1","OI","SL18-SF-15-MG1","SF","SL18-OI-6-F1 / SL18-SF-15-M1","2",1,"4","TBD","3",3,2.67,0.82,3.256097561,8.81,0.24,220,"ES"
"180","SL18-UCONN-182",180,"2019","182","GOM","182","5_31_2019",125,NA,"SL18-OI-6-FG1","OI","SL18-SF-19-MG1","SF","SL18-OI-6-F1 / SL18-SF-19-M1","2",1,"4","TBD","2",3,1.47,0.84,1.75,8.22,0.12,80,"ES"
"181","SL18-UCONN-183",181,"2019","183","GOM","183","5_30_2019",124,NA,"SL18-OI-7-FG3","OI","SA18-CB-2-MG3","CB","SL18-OI-7-F3 / SA18-CB-2-M3","2",1,"3","TBD","5",3,1.67,0.75,2.226666667,9.71,0.16,260,"ES"
"182","SL18-UCONN-184",182,"2019","184","GOM","184","5_31_2019",125,NA,"SL18-OI-7-FG3","OI","SL18-LD-9-MG1","LD","SL18-OI-7-F3 / SL18-LD-9-M1","2",1,"4","TBD","4",1,0.2,0.84,0.238095238,12.84,0.03,0,"ES"
"184","SL18-UCONN-186",184,"2019","186","GOM","186","5_29_2019",123,NA,"SL18-OI-9-FG1","OI","SL18-LL-9-MG2","LL","SL18-OI-9-F1 / SL18-LL-9-M2","2",1,"2","TBD","9",3,2,0.85,2.352941176,8.49,0.17,300,"ES"
"185","SL18-UCONN-187",185,"2019","187","GOM","187","5_30_2019",124,NA,"SL18-OI-9-FG1","OI","SL18-OI-9-MG3","OI","SL18-OI-9-F1 / SL18-OI-9-M3","1",1,"1","TBD","6",1,0.44,0.83,0.530120482,10,0.04,160,"ES"
"186","SL18-UCONN-188",186,"2019","188","GOM","188","5_30_2019",124,NA,"SL18-SF-13-FG1","SF","SL18-LD-3-MG2","LD","SL18-SF-13-F1 / SL18-LD-3-M2","1",1,"3","TBD","4",1,0.12,1,0.12,12.51,0.02,0,"ES"
"187","SL18-UCONN-189",187,"2019","189","GOM","189","5_30_2019",124,NA,"SL18-SF-13-FG1","SF","SL18-LL-9-MG3","LL","SL18-SF-13-F1 / SL18-LL-9-M3","2",4,"3","TBD","4",3,2.04,0.93,2.193548387,12.02,0.25,80,"ES"
"19","SL18-UCONN-19",19,"2019","19","GOM","19","5_30_2019",124,NA,"SL18-LD-1-FG2","LD","SA18-CB-4-MG3","CB","SL18-LD-1-F2 / SA18-CB-4-M3","2",1,"3","TBD","3",3,5.14,0.77,6.675324675,8.91,0.46,180,"ES"
"188","SL18-UCONN-190",188,"2019","190","GOM","190","5_30_2019",124,NA,"SL18-SF-17-FG1","SF","SL18-LL-9-MG1","LL","SL18-SF-17-F1 / SL18-LL-9-M1","2",1,"1","TBD","9",2,1.01,0.91,1.10989011,10.27,0.1,80,"ES"
"189","SL18-UCONN-191",189,"2019","191","GOM","191","5_30_2019",124,NA,"SL18-SF-17-FG1","SF","SL18-SF-17-MG2","SF","SL18-SF-17-F1 / SL18-SF-17-M2","2",1,"1","TBD","6",1,0.1,0.855,0.116959064,10.84,0.01,0,"ES"
"190","SL18-UCONN-192",190,"2019","192","GOM","192","5_30_2019",124,NA,"SL18-SF-17-FG3","SF","SA18-CB-10-MG1","CB","SL18-SF-17-F3 / SA18-CB-10-M1","2",4,"1","TBD","1",3,4.25,0.9,4.722222222,7.46,0.32,420,"ES"
"191","SL18-UCONN-193",191,"2019","193","GOM","193","5_30_2019",124,NA,"SL18-SF-17-FG3","SF","SA18-CB-3-MG3","CB","SL18-SF-17-F3 / SA18-CB-3-M3","2",4,"1","TBD","4",3,1.97,0.83,2.373493976,8.83,0.17,20,"ES"
"192","SL18-UCONN-194",192,"2019","194","GOM","194","5_31_2019",125,NA,"SL18-SF-17-FG3","SF","SL18-LD-2-MG1","LD","SL18-SF-17-F3 / SL18-LD-2-M1","2",1,"4","TBD","6",2,1.59,0.92,1.72826087,9.29,0.15,240,"ES"
"193","SL18-UCONN-195",193,"2019","195","GOM","195","5_30_2019",124,NA,"SL18-SF-17-FG3","SF","SL18-NL-10-MG2","NL","SL18-SF-17-F3 / SL18-NL-10-M2","3",1,"1","TBD","8",2,0.55,0.95,0.578947368,10.99,0.06,160,"ES"
"194","SL18-UCONN-196",194,"2019","196","GOM","196","5_31_2019",125,NA,"SL18-SF-17-FG3","SF","SL18-NL-2-MG3","NL","SL18-SF-17-F3 / SL18-NL-2-M3","3",4,"4","TBD","4",3,2.64,0.81,3.259259259,8.47,0.22,0,"ES"
"195","SL18-UCONN-197",195,"2019","197","GOM","197","5_31_2019",125,NA,"SL18-SF-17-FG3","SF","SL18-NL-9-MG1","NL","SL18-SF-17-F3 / SL18-NL-9-M1","3",1,"4","TBD","9",3,2.75,0.89,3.08988764,8.55,0.24,260,"ES"
"196","SL18-UCONN-198",196,"2019","198","GOM","198","5_29_2019",123,NA,"SL18-SF-17-FG3","SF","SL18-OI-7-MG1","OI","SL18-SF-17-F3 / SL18-OI-7-M1","3",1,"2","TBD","9",3,2.8,0.81,3.456790123,8.35,0.23,500,"ES"
"197","SL18-UCONN-199",197,"2019","199","GOM","199","5_29_2019",123,NA,"SL18-SF-17-FG3","SF","SL18-OI-9-MG3","OI","SL18-SF-17-F3 / SL18-OI-9-M3","3",1,"2","TBD","9",3,2.88,0.8,3.6,9.16,0.26,380,"ES"
"2","SL18-UCONN-2",2,"2019","2","GOM","2","5_31_2019",125,NA,"SA18-CB-10-FG2","CB","SL18-LL-9-MG1","LL","SA18-CB-10-F2 / SL18-LL-9-M1","1",1,"4","TBD","6",3,2.16,0.86,2.511627907,9.1,0.2,100,"ES"
"20","SL18-UCONN-20",20,"2019","20","GOM","20","5_31_2019",125,NA,"SL18-LD-1-FG2","LD","SL18-SF-13-MG3","SF","SL18-LD-1-F2 / SL18-SF-13-M3","2",1,"3","TBD","6",3,2.42,0.84,2.880952381,9.16,0.22,380,"ES"
"199","SL18-UCONN-201",199,"2019","201","GOM","201","5_30_2019",124,NA,"SL18-SF-18-FG2","SF","SL18-SF-13-MG1","SF","SL18-SF-18-F2 / SL18-SF-13-M1","1",1,"3","TBD","2",1,0.2,0.69,0.289855072,12.33,0.02,0,"ES"
"21","SL18-UCONN-21",21,"2019","21","GOM","21","5_30_2019",124,NA,"SL18-LD-1-FG2","LD","SL18-SF-15-MG1","SF","SL18-LD-1-F2 / SL18-SF-15-M1","2",1,"2","TBD","6",3,3.66,0.94,3.893617021,7.28,0.27,400,"ES"
"22","SL18-UCONN-22",22,"2019","22","GOM","22","5_30_2019",124,NA,"SL18-LD-1-FG3","LD","SA18-CB-3-MG3","CB","SL18-LD-1-F3 / SA18-CB-3-M3","1",1,"1","TBD","7",1,0.25,0.75,0.333333333,10.04,0.03,0,"ES"
"23","SL18-UCONN-23",23,"2019","23","GOM","23","5_31_2019",125,NA,"SL18-LD-1-FG3","LD","SL18-NL-5-MG1","NL","SL18-LD-1-F3 / SL18-NL-5-M1","2",1,"4","TBD","7",2,0.97,0.92,1.054347826,10.08,0.1,180,"ES"
"24","SL18-UCONN-24",24,"2019","24","GOM","24","5_29_2019",123,NA,"SL18-LD-1-FG3","LD","SL18-OI-11-MG2","OI","SL18-LD-1-F3 / SL18-OI-11-M2","2",1,"2","TBD","3",3,2.65,0.84,3.154761905,11.31,0.3,300,"ES"
"25","SL18-UCONN-25",25,"2019","25","GOM","25","5_30_2019",124,NA,"SL18-LD-1-FG3","LD","SL18-OI-15-MG1","OI","SL18-LD-1-F3 / SL18-OI-15-M1","2",1,"1","TBD","6",3,1.78,0.85,2.094117647,7.79,0.14,280,"ES"
"26","SL18-UCONN-26",26,"2019","26","GOM","26","5_31_2019",125,NA,"SL18-LD-1-FG3","LD","SL18-OI-16-MG1","OI","SL18-LD-1-F3 / SL18-OI-16-M1","2",1,"4","TBD","9",3,1.3,1,1.3,8.58,0.11,140,"ES"
"27","SL18-UCONN-27",27,"2019","27","GOM","27","5_30_2019",124,NA,"SL18-LD-1-FG3","LD","SL18-OI-6-MG2","OI","SL18-LD-1-F3 / SL18-OI-6-M2","2",1,"1","TBD","6",3,1.57,0.78,2.012820513,10.01,0.16,80,"ES"
"28","SL18-UCONN-28",28,"2019","28","GOM","28","5_29_2019",123,NA,"SL18-LD-1-FG3","LD","SL18-OI-7-MG1","OI","SL18-LD-1-F3 / SL18-OI-7-M1","2",1,"2","TBD","7",3,2.21,0.94,2.35106383,8.41,0.19,460,"ES"
"29","SL18-UCONN-29",29,"2019","29","GOM","29","5_30_2019",124,NA,"SL18-LD-1-FG3","LD","SL18-OI-9-MG3","OI","SL18-LD-1-F3 / SL18-OI-9-M3","2",1,"1","TBD","7",3,2.2,0.89,2.471910112,8.96,0.2,320,"ES"
"3","SL18-UCONN-3",3,"2019","3","GOM","3","5_30_2019",124,NA,"SA18-CB-4-FG3","CB","SA18-CB-4-MG3","CB","SA18-CB-4-F3 / SA18-CB-4-M3","3",4,"1","TBD","9",3,2.68,0.96,2.791666667,8.3,0.22,160,"ES"
"30","SL18-UCONN-30",30,"2019","30","GOM","30","5_31_2019",125,NA,"SL18-LD-1-FG3","LD","SL18-NL-9-MG2","SF","SL18-LD-1-F3 / SL18-NL-9-M2","1",1,"4","TBD","8",2,1.03,0.87,1.183908046,11,0.11,60,"ES"
"31","SL18-UCONN-31",31,"2019","31","GOM","31","5_30_2019",124,NA,"SL18-LD-1-FG3","LD","SL18-OI-15-MG2","SF","SL18-LD-1-F3 / SL18-OI-15-M2","2",1,"1","TBD","1",3,2.47,0.91,2.714285714,9.87,0.24,400,"ES"
"32","SL18-UCONN-32",32,"2019","32","GOM","32","5_29_2019",123,NA,"SL18-LD-2-FG2","LD","SA18-CB-3-MG3","CB","SL18-LD-2-F2 / SA18-CB-3-M3","2",1,"2","TBD","7",3,3.01,0.89,3.382022472,7.07,0.21,220,"ES"
"33","SL18-UCONN-33",33,"2019","33","GOM","33","5_29_2019",123,NA,"SL18-LD-2-FG2","LD","SL18-LL-9-MG2","LL","SL18-LD-2-F2 / SL18-LL-9-M2","2",1,"2","TBD","1",3,2.5,0.9,2.777777778,9.49,0.24,200,"ES"
"34","SL18-UCONN-34",34,"2019","34","GOM","34","5_31_2019",125,NA,"SL18-LD-2-FG2","LD","SL18-NL-9-MG1","NL","SL18-LD-2-F2 / SL18-NL-9-M1","2",1,"3","TBD","6",2,0.43,0.71,0.605633803,9.82,0.04,20,"ES"
"35","SL18-UCONN-35",35,"2019","35","GOM","35","5_30_2019",124,NA,"SL18-LD-2-FG2","LD","SL18-SF-19-MG1","SF","SL18-LD-2-F2 / SL18-SF-19-M1","2",1,"1","TBD","3",3,1.45,0.91,1.593406593,22.72,0.33,280,"ES"
"36","SL18-UCONN-36",36,"2019","36","GOM","36","5_30_2019",124,NA,"SL18-LD-3-FG1","LD","SA18-CB-10-MG1","CB","SL18-LD-3-F1 / SA18-CB-10-M1","1",1,"3","TBD","2",1,0.97,0.82,1.182926829,12.92,0.13,20,"ES"
"37","SL18-UCONN-37",37,"2019","37","GOM","37","5_31_2019",125,NA,"SL18-LD-3-FG1","LD","SL18-NL-9-MG1","NL","SL18-LD-3-F1 / SL18-NL-9-M1","1",1,"4","TBD","4",3,1.12,0.61,1.836065574,7.57,0.08,80,"ES"
"38","SL18-UCONN-38",38,"2019","38","GOM","38","5_31_2019",125,NA,"SL18-LD-3-FG1","LD","SL18-SF-19-MG2","SF","SL18-LD-3-F1 / SL18-SF-19-M2","2",1,"4","TBD","9",2,1.47,0.91,1.615384615,15.64,0.23,140,"ES"
"39","SL18-UCONN-39",39,"2019","39","GOM","39","5_30_2019",124,NA,"SL18-LD-3-FG2","LD","SA18-CB-2-MG3","CB","SL18-LD-3-F2 / SA18-CB-2-M3","2",1,"1","TBD","4",3,2.11,0.87,2.425287356,8.43,0.18,200,"ES"
"4","SL18-UCONN-4",4,"2019","4","GOM","4","5_30_2019",124,NA,"SA18-CB-5-FG1","CB","SA18-CB-10-MG1","CB","SA18-CB-5-F1 / SA18-CB-10-M1","1",1,"1","TBD","4",1,0.39,0.83,0.469879518,8.46,0.03,0,"ES"
"40","SL18-UCONN-40",40,"2019","40","GOM","40","5_30_2019",124,NA,"SL18-LD-3-FG2","LD","SL18-LL-9-MG2","LL","SL18-LD-3-F2 / SL18-LL-9-M2","2",1,"3","TBD","5",3,3.07,0.77,3.987012987,6.12,0.19,460,"ES"
"41","SL18-UCONN-41",41,"2019","41","GOM","41","5_29_2019",123,NA,"SL18-LD-3-FG2","LD","SL18-SF-17-MG3","SF","SL18-LD-3-F2 / SL18-SF-17-M3","2",1,"2","TBD","4",2,0.95,0.85,1.117647059,10.99,0.1,40,"ES"
"42","SL18-UCONN-42",42,"2019","42","GOM","42","5_30_2019",124,NA,"SL18-LD-3-FG3","LD","SL18-SF-13-MG2","SF","SL18-LD-3-F3 / SL18-SF-13-M2","2",1,"1","TBD","4",1,0.11,0.87,0.126436782,14.29,0.02,0,"ES"
"43","SL18-UCONN-43",43,"2019","43","GOM","43","5_29_2019",123,NA,"SL18-LD-4-FG1","LD","SA18-CB-2-MG1","CB","SL18-LD-4-F1 / SA18-CB-2-M1","2",1,"2","TBD","9",3,2.22,0.8,2.775,8.35,0.19,380,"ES"
"44","SL18-UCONN-44",44,"2019","44","GOM","44","5_31_2019",125,NA,"SL18-LD-4-FG1","LD","SL18-NL-3-MG2","NL","SL18-LD-4-F1 / SL18-NL-3-M2","2",1,"3","TBD","8",3,1.56,0.86,1.813953488,8.83,0.14,240,"ES"
"45","SL18-UCONN-45",45,"2019","45","GOM","45","5_30_2019",124,NA,"SL18-LD-4-FG2","LD","SL18-LL-9-MG1","LL","SL18-LD-4-F2 / SL18-LL-9-M1","2",1,"1","TBD","2",2,0.56,0.917,0.610687023,14.07,0.08,0,"ES"
"46","SL18-UCONN-46",46,"2019","46","GOM","46","5_29_2019",123,NA,"SL18-LD-4-FG2","LD","SL18-SF-15-MG2","SF","SL18-LD-4-F2 / SL18-SF-15-M2","2",1,"2","TBD","2",3,3.03,0.73,4.150684932,8.91,0.27,200,"ES"
"47","SL18-UCONN-47",47,"2019","47","GOM","47","5_30_2019",124,NA,"SL18-LD-4-FG3","LD","SL18-SF-17-MG1","SF","SL18-LD-4-F3 / SL18-SF-17-M1","2",1,"2","TBD","5",2,1.58,0.86,1.837209302,10.48,0.17,20,"ES"
"48","SL18-UCONN-48",48,"2019","48","GOM","48","5_30_2019",124,NA,"SL18-LD-5-FG1","LD","SA18-CB-10-MG1","CB","SL18-LD-5-F1 / SA18-CB-10-M1","1",4,"1","TBD","4",2,1.22,0.94,1.29787234,10.29,0.13,40,"ES"
"49","SL18-UCONN-49",49,"2019","49","GOM","49","5_31_2019",125,NA,"SL18-LD-5-FG1","LD","SL18-SF-15-MG1","SF","SL18-LD-5-F1 / SL18-SF-15-M1","2",1,"4","TBD","7",1,0.96,0.65,1.476923077,10.58,0.1,0,"ES"
"5","SL18-UCONN-5",5,"2019","5","GOM","5","5_30_2019",124,NA,"SA18-CB-7-FG1","CB","SL18-LL-9-MG3","LL","SA18-CB-7-F1 / SL18-LL-9-M3","3",4,"2","TBD","7",3,4.66,0.86,5.418604651,8.13,0.38,240,"ES"
"50","SL18-UCONN-50",50,"2019","50","GOM","50","5_30_2019",124,NA,"SL18-LD-5-FG2","LD","SL18-LD-3-MG2","LD","SL18-LD-5-F2 / SL18-LD-3-M2","2",1,"3","TBD","1",1,1.34,0.76,1.763157895,9.29,0.12,0,"ES"
"51","SL18-UCONN-51",51,"2019","51","GOM","51","5_29_2019",123,NA,"SL18-LD-9-FG2","LD","SL18-SF-13-MG3","SF","SL18-LD-9-F2 / SL18-SF-13-M3","2",1,"2","TBD","5",2,1.15,0.86,1.337209302,9.26,0.11,40,"ES"
"52","SL18-UCONN-52",52,"2019","52","GOM","52","5_31_2019",125,NA,"SL18-LD-9-FG3","LD","SA18-CB-2-MG1","CB","SL18-LD-9-F3 / SA18-CB-2-M1","1",1,"4","TBD","3",1,0.48,0.65,0.738461538,16,0.08,20,"ES"
"53","SL18-UCONN-53",53,"2019","53","GOM","53","5_30_2019",124,NA,"SL18-LD-9-FG3","LD","SL18-NL-7-MG1","NL","SL18-LD-9-F3 / SL18-NL-7-M1","2",1,"3","TBD","6",3,1.18,0.71,1.661971831,9.87,0.12,20,"ES"
"54","SL18-UCONN-54",54,"2019","54","GOM","54","5_31_2019",125,NA,"SL18-LD-9-FG3","LD","SL18-SF-17-MG1","SF","SL18-LD-9-F3 / SL18-SF-17-M1","1",4,"4","TBD","7",3,3.21,0.9,3.566666667,8.91,0.29,340,"ES"
"55","SL18-UCONN-55",55,"2019","55","GOM","55","5_30_2019",124,NA,"SL18-LL-9-FG1","LL","SL18-LL-9-MG2","LL","SL18-LL-9-F1 / SL18-LL-9-M2","1",1,"3","TBD","3",1,0.19,1,0.19,16.21,0.03,20,"ES"
"56","SL18-UCONN-56",56,"2019","56","GOM","56","5_30_2019",124,NA,"SL18-LL-9-FG3","LL","SL18-NL-9-MG1","NL","SL18-LL-9-F3 / SL18-NL-9-M1","2",1,"1","TBD","3",3,0.4,0.73,0.547945205,0,0,220,"ES"
"57","SL18-UCONN-57",57,"2019","57","GOM","57","5_30_2019",124,NA,"SL18-NL-10-FG1","NL","SA18-CB-4-MG3","CB","SL18-NL-10-F1 / SA18-CB-4-M3","3",4,"3","TBD","3",3,5.76,0.68,8.470588235,4.15,0.24,480,"ES"
"58","SL18-UCONN-58",58,"2019","58","GOM","58","5_29_2019",123,NA,"SL18-NL-10-FG1","NL","SL18-LD-2-MG1","LD","SL18-NL-10-F1 / SL18-LD-2-M1","2",1,"2","TBD","8",2,0.54,0.94,0.574468085,12.34,0.07,120,"ES"
"59","SL18-UCONN-59",59,"2019","59","GOM","59","5_30_2019",124,NA,"SL18-NL-10-FG1","NL","SL18-LD-9-MG1","LD","SL18-NL-10-F1 / SL18-LD-9-M1","1",1,"3","TBD","2",1,0.22,0.32,0.6875,12.88,0.03,0,"ES"
"6","SL18-UCONN-6",6,"2019","6","GOM","6","5_31_2019",125,NA,"SL18-LD-10-FG1","LD","SA18-CB-1-MG2","CB","SL18-LD-10-F1 / SA18-CB-1-M2","2",1,"3","TBD","8",3,2.69,0.93,2.892473118,9.78,0.26,320,"ES"
"60","SL18-UCONN-60",60,"2019","60","GOM","60","5_30_2019",124,NA,"SL18-NL-10-FG1","NL","SL18-OI-15-MG1","OI","SL18-NL-10-F1 / SL18-OI-15-M1","3",4,"1","TBD","3",3,4.42,0.93,4.752688172,8.49,0.38,260,"ES"
"61","SL18-UCONN-62",61,"2019","62","GOM","62","5_29_2019",123,NA,"SL18-NL-10-FG1","NL","SL18-OI-7-MG1","OI","SL18-NL-10-F1 / SL18-OI-7-M1","2",4,"2","TBD","4",3,4.24,0.89,4.764044944,8.02,0.34,580,"ES"
"62","SL18-UCONN-63",62,"2019","63","GOM","63","5_31_2019",125,NA,"SL18-NL-10-FG1","NL","SL18-SF-13-MG1","SF","SL18-NL-10-F1 / SL18-SF-13-M1","2",4,"4","TBD","5",3,4.04,0.94,4.29787234,8.19,0.33,420,"ES"
"66","SL18-UCONN-67",66,"2019","67","GOM","67","5_30_2019",124,NA,"SL18-NL-10-FG2","NL","SL18-OI-11-MG2","OI","SL18-NL-10-F2 / SL18-OI-11-M2","2",1,"3","TBD","3",1,0.1,1,0.1,11.25,0.01,0,"ES"
"70","SL18-UCONN-71",70,"2019","71","GOM","71","5_30_2019",124,NA,"SL18-NL-10-FG2","NL","SL18-SF-17-MG2","SF","SL18-NL-10-F2 / SL18-SF-17-M2","2",1,"1","TBD","2",1,0.06,0.75,0.08,8.85,0.01,0,"ES"
"71","SL18-UCONN-72",71,"2019","72","GOM","72","5_30_2019",124,NA,"SL18-NL-10-FG3","NL","SL18-NL-3-MG2","NL","SL18-NL-10-F3 / SL18-NL-3-M2","2",4,"1","TBD","7",2,0.43,0.91,0.472527473,10,0.04,100,"ES"
"72","SL18-UCONN-73",72,"2019","73","GOM","73","5_29_2019",123,NA,"SL18-NL-2-FG1","NL","SA18-CB-1-MG2","CB","SL18-NL-2-F1 / SA18-CB-1-M2","2",1,"2","TBD","9",3,4.54,0.93,4.88172043,8.26,0.38,320,"ES"
"74","SL18-UCONN-75",74,"2019","75","GOM","75","5_31_2019",125,NA,"SL18-NL-2-FG1","NL","SL18-LD-13-MG2","LD","SL18-NL-2-F1 / SL18-LD-13-M2","2",4,"3","TBD","7",3,3.27,0.86,3.802325581,9.37,0.31,520,"ES"
"75","SL18-UCONN-76",75,"2019","76","GOM","76","5_30_2019",124,NA,"SL18-NL-2-FG1","NL","SL18-SF-17-MG1","SF","SL18-NL-2-F1 / SL18-SF-17-M1","1",4,"3","TBD","2",3,3.54,0.88,4.022727273,11.91,0.42,220,"ES"
"76","SL18-UCONN-77",76,"2019","77","GOM","77","5_31_2019",125,NA,"SL18-NL-2-FG3","NL","SA18-CB-2-MG3","CB","SL18-NL-2-F3 / SA18-CB-2-M3","1",1,"4","TBD","1",3,1.78,0.89,2,9.65,0.17,120,"ES"
"77","SL18-UCONN-78",77,"2019","78","GOM","78","5_29_2019",123,NA,"SL18-NL-2-FG3","NL","SA18-CB-4-MG1","CB","SL18-NL-2-F3 / SA18-CB-4-M1","1",1,"2","TBD","3",3,1.28,0.82,1.56097561,7.78,0.1,40,"ES"
"78","SL18-UCONN-79",78,"2019","79","GOM","79","5_31_2019",125,NA,"SL18-NL-2-FG3","NL","SL18-LD-3-MG2","LD","SL18-NL-2-F3 / SL18-LD-3-M2","2",1,"4","TBD","4",3,1.31,0.73,1.794520548,9.38,0.12,0,"ES"
"8","SL18-UCONN-8",8,"2019","8","GOM","8","5_29_2019",123,NA,"SL18-LD-10-FG1","LD","SL18-OI-15-MG1","OI","SL18-LD-10-F1 / SL18-OI-15-M1","2",1,"2","TBD","3",1,0.77,0.85,0.905882353,10.96,0.08,20,"ES"
"79","SL18-UCONN-80",79,"2019","80","GOM","80","5_31_2019",125,NA,"SL18-NL-2-FG3","NL","SL18-OI-16-MG1","OI","SL18-NL-2-F3 / SL18-OI-16-M1","2",4,"4","TBD","3",3,3.58,0.84,4.261904762,8.47,0.3,280,"ES"
"80","SL18-UCONN-81",80,"2019","81","GOM","81","5_31_2019",125,NA,"SL18-NL-2-FG3","NL","SL18-SF-15-MG1","SF","SL18-NL-2-F3 / SL18-SF-15-M1","1",1,"3","TBD","8",1,0.19,0.91,0.208791209,10.98,0.02,0,"ES"
"81","SL18-UCONN-82",81,"2019","82","GOM","82","5_30_2019",124,NA,"SL18-NL-3-FG1","NL","SA18-CB-7-MG2","CB","SL18-NL-3-F1 / SA18-CB-7-M2","2",4,"3","TBD","3",3,4.7,0.95,4.947368421,9.07,0.43,240,"ES"
"83","SL18-UCONN-84",83,"2019","84","GOM","84","5_31_2019",125,NA,"SL18-NL-3-FG1","NL","SL18-OI-11-MG2","OI","SL18-NL-3-F1 / SL18-OI-11-M2","3",1,"4","TBD","2",3,2.66,1.2,2.216666667,9.75,0.26,280,"ES"
"84","SL18-UCONN-85",84,"2019","85","GOM","85","5_31_2019",125,NA,"SL18-NL-3-FG1","NL","SL18-SF-13-MG2","SF","SL18-NL-3-F1 / SL18-SF-13-M2","3",1,"4","TBD","5",3,1.68,0.92,1.826086957,12.06,0.2,160,"ES"
"85","SL18-UCONN-86",85,"2019","86","GOM","86","5_31_2019",125,NA,"SL18-NL-3-FG2","NL","SL18-NL-3-MG2","NL","SL18-NL-3-F2 / SL18-NL-3-M2","2",1,"4","TBD","2",1,0.16,0.93,0.172043011,9.29,0.01,0,"ES"
"86","SL18-UCONN-87",86,"2019","87","GOM","87","5_31_2019",125,NA,"SL18-NL-3-FG2","NL","SL18-SF-17-MG2","SF","SL18-NL-3-F2 / SL18-SF-17-M2","2",4,"4","TBD","8",3,6.16,0.87,7.08045977,7.45,0.46,480,"ES"
"87","SL18-UCONN-88",87,"2019","88","GOM","88","5_31_2019",125,NA,"SL18-NL-3-FG3","NL","SA18-CB-2-MG2","CB","SL18-NL-3-F3 / SA18-CB-2-M2","1",1,"4","TBD","8",3,1.74,1.03,1.689320388,9.49,0.17,140,"ES"
"9","SL18-UCONN-9",9,"2019","9","GOM","9","5_29_2019",123,NA,"SL18-LD-10-FG1","LD","SL18-OI-18-MG1","OI","SL18-LD-10-F1 / SL18-OI-18-M1","1",1,"2","TBD","1",3,1.33,0.8,1.6625,11.87,0.16,80,"ES"
"93","SL18-UCONN-94",93,"2019","94","GOM","94","5_29_2019",123,NA,"SL18-NL-6-FG1","NL","SA18-CB-3-MG3","CB","SL18-NL-6-F1 / SA18-CB-3-M3","3",4,"2","TBD","2",3,7.62,1.08,7.055555556,6.24,0.48,620,"ES"
"94","SL18-UCONN-95",94,"2019","95","GOM","95","5_30_2019",124,NA,"SL18-NL-6-FG1","NL","SA18-CB-7-MG2","CB","SL18-NL-6-F1 / SA18-CB-7-M2","2",4,"2","TBD","6",3,5.3,0.89,5.95505618,8.75,0.46,400,"ES"
"95","SL18-UCONN-96",95,"2019","96","GOM","96","5_30_2019",124,NA,"SL18-NL-6-FG1","NL","SL18-LD-1-MG2","LD","SL18-NL-6-F1 / SL18-LD-1-M2","2",1,"1","TBD","2",3,2.05,0.91,2.252747253,8.96,0.18,360,"ES"
"96","SL18-UCONN-97",96,"2019","97","GOM","97","5_30_2019",124,NA,"SL18-NL-6-FG1","NL","SL18-LD-2-MG1","LD","SL18-NL-6-F1 / SL18-LD-2-M1","2",4,"2","TBD","5",3,3.58,0.92,3.891304348,7.67,0.27,400,"ES"
"97","SL18-UCONN-98",97,"2019","98","GOM","98","5_30_2019",124,NA,"SL18-NL-6-FG1","NL","SL18-LD-3-MG2","LD","SL18-NL-6-F1 / SL18-LD-3-M2","3",4,"3","TBD","5",3,4.51,0.88,5.125,7.7,0.35,600,"ES"
"98","SL18-UCONN-99",98,"2019","99","GOM","99","5_30_2019",124,NA,"SL18-NL-6-FG1","NL","SL18-NL-2-MG1","NL","SL18-NL-6-F1 / SL18-NL-2-M1","2",4,"1","TBD","6",3,2.69,0.94,2.861702128,9.09,0.24,420,"ES"
"570","Check",570,"2019","C1-A","GOM","C1-A","5_29_2019",123,NA,"SL-ME1-FG1","ME","SL-ME1-MG1","ME","SL-ME1-FG1xSL-ME1-MG1","1",1,"2","TBD","8",3,2.71,0.86,3.151162791,10.96,0.3,480,"C1"
"571","Check",571,"2019","C1-B","GOM","C1-B","5_29_2019",123,NA,"SL-ME1-FG1","ME","SL-ME1-MG1","ME","SL-ME1-FG1xSL-ME1-MG1","1",1,"2","TBD","2",3,2.09,0.56,3.732142857,13.88,0.29,200,"C1"
"572","Check",572,"2019","C1-C","GOM","C1-C","5_29_2019",123,NA,"SL-ME1-FG1","ME","SL-ME1-MG1","ME","SL-ME1-FG1xSL-ME1-MG1","1",1,"2","TBD","4",3,3.87,0.9,4.3,8.09,0.31,480,"C1"
"573","Check",573,"2019","C1-D","GOM","C1-D","5_30_2019",124,NA,"SL-ME1-FG1","ME","SL-ME1-MG1","ME","SL-ME1-FG1xSL-ME1-MG1","2",1,"1","TBD","5",3,1.15,0.85,1.352941176,9.1,0.1,140,"C1"
"574","Check",574,"2019","C1-E","GOM","C1-E","5_30_2019",124,NA,"SL-ME1-FG1","ME","SL-ME1-MG1","ME","SL-ME1-FG1xSL-ME1-MG1","1",1,"1","TBD","8",3,2.02,0.94,2.14893617,8.25,0.17,260,"C1"
"575","Check",575,"2019","C1-F","GOM","C1-F","5_30_2019",124,NA,"SL-ME1-FG1","ME","SL-ME1-MG1","ME","SL-ME1-FG1xSL-ME1-MG1","2",1,"3","TBD","1",3,4.41,0.87,5.068965517,9.31,0.41,300,"C1"
"576","Check",576,"2019","C1-G","GOM","C1-G","5_31_2019",125,NA,"SL-ME1-FG1","ME","SL-ME1-MG1","ME","SL-ME1-FG1xSL-ME1-MG1","2",1,"4","TBD","6",3,2.64,0.8,3.3,7.73,0.2,240,"C1"
"577","Check",577,"2019","C1-H","GOM","C1-H","5_31_2019",125,NA,"SL-ME1-FG1","ME","SL-ME1-MG1","ME","SL-ME1-FG1xSL-ME1-MG1","2",1,"4","TBD","7",3,3.67,0.84,4.369047619,10.2,0.37,260,"C1"
"578","Check",578,"2019","C1-I","GOM","C1-I","5_31_2019",125,NA,"SL-ME1-FG1","ME","SL-ME1-MG1","ME","SL-ME1-FG1xSL-ME1-MG1","1",1,"4","TBD","9",3,3.65,0.84,4.345238095,8.6,0.31,420,"C1"
"579","Check",579,"2019","C1-J","GOM","C1-J","5_31_2019",125,NA,"SL-ME1-FG1","ME","SL-ME1-MG1","ME","SL-ME1-FG1xSL-ME1-MG1","1",1,"4","TBD","3",3,2.34,0.71,3.295774648,9.37,0.22,660,"C1"
"580","Check",580,"2019","C2-A","GOM","C2-A","5_29_2019",123,NA,"SL-ME1-FG1","ME","SL-ME2-MG2","ME","SL-ME1-FG1xSL-ME2-MG2","1",1,"2","TBD","3",3,1.75,0.87,2.011494253,9.94,0.17,240,"C2"
"581","Check",581,"2019","C2-B","GOM","C2-B","5_30_2019",124,NA,"SL-ME1-FG1","ME","SL-ME2-MG2","ME","SL-ME1-FG1xSL-ME2-MG2","1",1,"1","TBD","9",3,1.56,0.89,1.752808989,10.44,0.16,40,"C2"
"582","Check",582,"2019","C2-C","GOM","C2-C","5_30_2019",124,NA,"SL-ME1-FG1","ME","SL-ME2-MG2","ME","SL-ME1-FG1xSL-ME2-MG2","1",1,"3","TBD","1",1,0.29,0.82,0.353658537,14.89,0.04,20,"C2"
"583","Check",583,"2019","C2-D","GOM","C2-D","5_30_2019",124,NA,"SL-ME1-FG1","ME","SL-ME2-MG2","ME","SL-ME1-FG1xSL-ME2-MG2","1",1,"3","TBD","5",3,2.83,1.05,2.695238095,7.81,0.22,160,"C2"
"584","Check",584,"2019","C2-E","GOM","C2-E","5_31_2019",125,NA,"SL-ME1-FG1","ME","SL-ME2-MG2","ME","SL-ME1-FG1xSL-ME2-MG2","1",1,"3","TBD","7",3,2.5,0.87,2.873563218,4.97,0.12,200,"C2"
"585","Check",585,"2019","C2-F","GOM","C2-F","5_31_2019",125,NA,"SL-ME1-FG1","ME","SL-ME2-MG2","ME","SL-ME1-FG1xSL-ME2-MG2","1",1,"3","TBD","8",3,2.36,0.82,2.87804878,10.21,0.24,120,"C2"
"586","Check",586,"2019","C2-G","GOM","C2-G","5_31_2019",125,NA,"SL-ME1-FG1","ME","SL-ME2-MG2","ME","SL-ME1-FG1xSL-ME2-MG2","1",1,"4","TBD","2",3,3.06,0.87,3.517241379,9.82,0.3,220,"C2"
"587","Check",587,"2019","C2-H","GOM","C2-H","5_31_2019",125,NA,"SL-ME1-FG1","ME","SL-ME2-MG2","ME","SL-ME1-FG1xSL-ME2-MG2","2",1,"4","TBD","4",2,1.15,0.84,1.369047619,10.92,0.13,180,"C2"
"588","Check",588,"2019","C2-I","GOM","C2-I","5_31_2019",125,NA,"SL-ME1-FG1","ME","SL-ME2-MG2","ME","SL-ME1-FG1xSL-ME2-MG2","1",1,"4","TBD","6",1,0.31,0.58,0.534482759,14.2,0.04,0,"C2"
